San Francisco, CA, USA
Oakland, CA, USA
Hayward, CA, USA
Berkeley, CA, USA
Richmond, CA, USA
San Leandro, CA, USA
Alameda, CA, USA
Walnut Creek, CA, USA
Castro Valley, CA, USA
San Rafael, CA, USA
Pleasant Hill, CA, USA
San Pablo, CA, USA
San Lorenzo, CA, USA
Hercules, CA, USA
El Cerrito, CA 94530, USA
Lafayette, CA, USA
Ashland, CA, USA
Albany, CA, USA
Orinda, CA, USA
Pinole, CA, USA
Moraga, CA, USA
Cherryland, CA, USA
El Sobrante, CA, USA
Alamo, CA, USA
Larkspur, CA, USA
San Anselmo, CA 94960, USA
Emeryville, CA, USA
El Sobrante, CA, USA
Piedmont, CA, USA
Corte Madera, CA, USA
Rodeo, CA, USA
Kentfield, CA, USA
Contra Costa Centre, CA, USA
Saranap, Lafayette, CA, USA
Kensington, CA, USA
Tara Hills, CA, USA
Brisbane, CA, USA
North Richmond, CA 94801, USA
Rollingwood, CA 94806, USA
Crockett, CA, USA
East Richmond Heights, CA, USA
Reliez Valley, Lafayette, CA 94549, USA
Ross, CA 94957, USA
Montalvin Manor, Bayview-Montalvin, CA 94806, USA
Shell Ridge, Walnut Creek, CA 94596, USA
Castle Hill, Alamo, CA 94595, USA
