San Jose, CA, USA
Fremont, CA, USA
Hayward, CA, USA
Sunnyvale, CA, USA
Santa Clara, CA, USA
San Leandro, CA, USA
Livermore, CA, USA
Redwood City, CA, USA
Milpitas, CA 95035, USA
Pleasanton, CA, USA
Union City, CA, USA
Dublin, CA 94568, USA
Palo Alto, CA, USA
Castro Valley, CA, USA
Newark, CA 94560, USA
Menlo Park, CA, USA
San Carlos, CA, USA
San Lorenzo, CA, USA
East Palo Alto, CA, USA
Ashland, CA, USA
Stanford, CA, USA
Cherryland, CA, USA
North Fair Oaks, CA, USA
Alum Rock, CA 95127, USA
Fairview, CA, USA
East Foothills, CA, USA
Atherton, CA, USA
Burbank, CA 95128, USA
West Menlo Park, CA 94025, USA
Warm Springs, Fremont, CA 94539, USA
Fruitdale, CA 95128, USA
Sunol, CA, USA
