Alameda, CA, USA
Albany, CA, USA
Berkeley, CA, USA
Brisbane, CA, USA
Broadmoor, CA 94015, USA
Burlingame, CA, USA
Cherryland, CA, USA
Colma, CA, USA
Corte Madera, CA, USA
Daly City, CA, USA
East Richmond Heights, CA, USA
El Cerrito, CA 94530, USA
El Sobrante, CA, USA
Emeryville, CA, USA
Hayward, CA, USA
Kensington, CA, USA
Kentfield, CA, USA
Larkspur, CA, USA
Millbrae, CA, USA
Oakland, CA, USA
Orinda, CA, USA
Pacifica, CA, USA
Piedmont, CA, USA
Richmond, CA, USA
Ross, CA 94957, USA
San Anselmo, CA 94960, USA
San Bruno, CA, USA
San Francisco, CA, USA
San Lorenzo, CA, USA
San Mateo, CA, USA
San Pablo, CA, USA
San Rafael, CA, USA
South San Francisco, CA, USA
Strawberry, CA, USA
